MeSH,MeSHID
Lymphoma,C04.557.386
Lymphoma,C15.604.515.569
Lymphoma,C20.683.515.761
Leukemia,C04.557.337
Breast Neoplasms,C04.588.180
Breast Neoplasms,C17.800.090.500
Kidney Neoplasms,C04.588.945.947.535
Kidney Neoplasms,C12.758.820.750
Kidney Neoplasms,C12.777.419.473
Kidney Neoplasms,C13.351.937.820.535
Kidney Neoplasms,C13.351.968.419.473
Prostatic Neoplasms,C04.588.945.440.770
Prostatic Neoplasms,C12.294.260.750
Prostatic Neoplasms,C12.294.565.625
Prostatic Neoplasms,C12.758.409.750
Colonic Neoplasms,C04.588.274.476.411.307.180
Colonic Neoplasms,C06.301.371.411.307.180
Colonic Neoplasms,C06.405.249.411.307.180
Colonic Neoplasms,C06.405.469.158.356.180
Colonic Neoplasms,C06.405.469.491.307.180
Lung Neoplasms,C04.588.894.797.520
Lung Neoplasms,C08.381.540
Lung Neoplasms,C08.785.520
Uterine Neoplasms,C04.588.945.418.948
Uterine Neoplasms,C13.351.500.852.762
Uterine Neoplasms,C13.351.937.418.875
Esophageal Neoplasms,C04.588.274.476.205
Esophageal Neoplasms,C04.588.443.353
Esophageal Neoplasms,C06.301.371.205
Esophageal Neoplasms,C06.405.117.430
Esophageal Neoplasms,C06.405.249.205
Retinoblastoma,C04.557.465.625.600.725
Retinoblastoma,C04.557.470.670.725
Retinoblastoma,C04.557.580.625.600.725
Retinoblastoma,C04.588.364.818.760
Retinoblastoma,C11.270.862
Retinoblastoma,C11.319.475.760
Retinoblastoma,C11.768.717.760
Colorectal Neoplasms,C04.588.274.476.411.307
Colorectal Neoplasms,C06.301.371.411.307
Colorectal Neoplasms,C06.405.249.411.307
Colorectal Neoplasms,C06.405.469.158.356
Colorectal Neoplasms,C06.405.469.491.307
Colorectal Neoplasms,C06.405.469.860.180
"Carcinoma, Hepatocellular",C04.557.470.200.025.255
"Carcinoma, Hepatocellular",C04.588.274.623.160
"Carcinoma, Hepatocellular",C06.301.623.160
"Carcinoma, Hepatocellular",C06.552.697.160
Head and Neck Neoplasms,C04.588.443
Brain Neoplasms,C04.588.614.250.195
Brain Neoplasms,C10.228.140.211
Brain Neoplasms,C10.551.240.250
Melanoma,C04.557.465.625.650.510
Melanoma,C04.557.580.625.650.510
Melanoma,C04.557.665.510
Sarcoma,C04.557.450.795
Stomach Neoplasms,C04.588.274.476.767
Stomach Neoplasms,C06.301.371.767
Stomach Neoplasms,C06.405.249.767
Stomach Neoplasms,C06.405.748.789
Pancreatic Neoplasms,C04.588.274.761
Pancreatic Neoplasms,C04.588.322.475
Pancreatic Neoplasms,C06.301.761
Pancreatic Neoplasms,C06.689.667
Pancreatic Neoplasms,C19.344.421
Adrenal Cortex Neoplasms,C04.588.322.078.265
Adrenal Cortex Neoplasms,C19.053.098.265
Adrenal Cortex Neoplasms,C19.053.347.500
Adrenal Cortex Neoplasms,C19.344.078.265
Ovarian Neoplasms,C04.588.322.455
Ovarian Neoplasms,C13.351.500.056.630.705
Ovarian Neoplasms,C13.351.937.418.685
Ovarian Neoplasms,C19.344.410
Ovarian Neoplasms,C19.391.630.705
Gastrointestinal Stromal Tumors,C04.557.450.565.370
Gastrointestinal Stromal Tumors,C06.301.371.308
Gastrointestinal Stromal Tumors,C06.405.249.308
Nasopharyngeal Neoplasms,C04.588.443.665.710.650
Nasopharyngeal Neoplasms,C07.550.350.650
Nasopharyngeal Neoplasms,C07.550.745.650
Nasopharyngeal Neoplasms,C09.647.710.650
Nasopharyngeal Neoplasms,C09.775.350.650
Nasopharyngeal Neoplasms,C09.775.549.650
Endometrial Neoplasms,C04.588.945.418.948.585
Endometrial Neoplasms,C13.351.500.852.762.200
Endometrial Neoplasms,C13.351.937.418.875.200
Uterine Cervical Neoplasms,C04.588.945.418.948.850
Uterine Cervical Neoplasms,C13.351.500.852.593.131
Uterine Cervical Neoplasms,C13.351.500.852.762.850
Uterine Cervical Neoplasms,C13.351.937.418.875.850
Squamous Cell Carcinoma of Head and Neck,C04.557.470.200.400.565
Squamous Cell Carcinoma of Head and Neck,C04.588.443.177
Liver Neoplasms,C04.588.274.623
Liver Neoplasms,C06.301.623
Liver Neoplasms,C06.552.697
Intestinal Neoplasms,C04.588.274.476.411
Intestinal Neoplasms,C06.301.371.411
Intestinal Neoplasms,C06.405.249.411
Intestinal Neoplasms,C06.405.469.491
"Carcinoma, Neuroendocrine",C04.557.465.625.650.240
"Carcinoma, Neuroendocrine",C04.557.470.200.025.370
"Carcinoma, Neuroendocrine",C04.557.580.625.650.240
Urinary Bladder Neoplasms,C04.588.945.947.960
Urinary Bladder Neoplasms,C12.758.820.968
Urinary Bladder Neoplasms,C12.777.829.813
Urinary Bladder Neoplasms,C13.351.937.820.945
Urinary Bladder Neoplasms,C13.351.968.829.707
Mesothelioma,C04.557.470.035.510
Mesothelioma,C04.557.470.660.510
Thyroid Neoplasms,C04.588.322.894
Thyroid Neoplasms,C04.588.443.915
Thyroid Neoplasms,C19.344.894
Thyroid Neoplasms,C19.874.788
Biliary Tract Neoplasms,C04.588.274.120
Biliary Tract Neoplasms,C06.130.320
Biliary Tract Neoplasms,C06.301.120
Chordoma,C04.557.465.220
Skin Neoplasms,C04.588.805
Skin Neoplasms,C17.800.882
Tonsillar Neoplasms,C04.588.443.665.710.684.800
Tonsillar Neoplasms,C07.550.745.671.800
Tonsillar Neoplasms,C09.647.710.685.800
Tonsillar Neoplasms,C09.775.549.685.800
Testicular Neoplasms,C04.588.322.762
Testicular Neoplasms,C04.588.945.440.915
Testicular Neoplasms,C12.294.260.937
Testicular Neoplasms,C12.758.409.937
Testicular Neoplasms,C19.344.762
Testicular Neoplasms,C19.391.829.782
Squamous Cell Carcinoma of Head and Neck,C04.557.470.200.400.565
Squamous Cell Carcinoma of Head and Neck,C04.588.443.177
Laryngeal Neoplasms,C04.588.443.665.481
Laryngeal Neoplasms,C08.360.369
Laryngeal Neoplasms,C08.785.481
Laryngeal Neoplasms,C09.400.369
Laryngeal Neoplasms,C09.647.481
Gallbladder Neoplasms,C04.588.274.120.401
Gallbladder Neoplasms,C06.130.320.401
Gallbladder Neoplasms,C06.130.564.401
Gallbladder Neoplasms,C06.301.120.401
Hemangioma,C04.557.645.375
